id,subreddit,body
hew0fz,videogames,updat rule reflect current state subreddit work cut level spam self promot spoiler follow effect user post spoiler without mention post titl ban immedi user post link youtub video time month ban anyon continu post low qualiti content temporarili ban place spam video effort get like view pleas celebr videogam reminisc old one get hype futur one laugh cesspool garbag content thank
ik8coz,videogames,that liter dont use r videogam orchastr raid sub dislik tri raid anoth subreddit behalf r videogam pretti simpl ask anyon caught organis carri subreddit raid behalf subreddit receiv day ban dont it
g3yl2z8,videogames,sorri stupid question im new reddit raid reddit mean s
g3k9e4h,videogames,know game communiti get angri perceiv childish hobbi outsid idiot communiti stupid thing like raid
g4rp9qw,videogames,id like add action often get admin involv result site wide ban
g6wuj1c,videogames,oppress raid r videogam thatll show em
g8avhax,videogames,sub weak anyon raid know thank sub thank spread raid love rather raid member messag let go raid
g8cy6ty,videogames,know topic game amaz realli love anticip must play blockbust video game youll never know store action pack gameplay cutscen soooooooo incred jaw drop mind blow https youtu bhjzqb zm q https youtu bhjzqb zm q
g8des9y,videogames,know topic game amaz anticip blockbust video game must play youll never know store action pack gameplay cutscen soooooooo incred jaw drop mind blow https youtu bhjzqb zm q https youtu nljxcsekrm game extrem fun experi recommend anyon love video game stori amaz control feel smooth charact develop design amaz tri hard game https youtu nljxcsekrm
g9cfww9,videogames,would effect perman young enough raid theyr young squash e peen let get back game
gerl1ry,videogames,lmao thought tell peopl particip game raid
gfegnmf,videogames,mod obvious dont play wow n ofcoz r gay leroy jenkinsss
ggq1bix,videogames,dont raid man dont ever raid
gibc61w,videogames,tip iceberg internet less anonym ssome peopl justif forget manner relat note toxic help insult cap wont ever get meaning talk stuff exchang opinion understand includ agre opposit side viewpoint possibl uncivilis toxic environ problem r banvideogam univers hate use kind reason discredit gamer game even straight lie know tough pill swallow let dont dare raid grant right express opinion reddit inc bunch karen abus anyth find tri ban videogam free besid somehow got shit togeth got polit would much bigger threat much bigger necessarili mean signific listen bunch crazi women anyway suppos misogynist rather point peopl shout loudest arent necessarili success
gmxl9b1,videogames,anyon rememb old xbox game v v multiplay brawl fight game would play rap music ninja would slide bunch charact could jump high build fight onlin multiplay
g3yl5jb,videogames,group peopl spam anoth subreddit
g7d0rzv,videogames,glad ask dark too
gi95bfy,videogames,youtu hmmmmmmmm
gmnpxjn,videogames,group peopl sub go anoth sub spam how
gibbplp,videogames,that actual youtub short url use share button youtub com https youtub com video view url alway youtu https youtu be
gj8ekr2,videogames,make number
lnmmg9,videogames,
go1npa6,videogames,hate much
go1kpis,videogames,usual mean time look onlin tutori dust insid ps
go1r2g6,videogames,cring
go1ob6p,videogames,space forc new technolog killer
go1nwbm,videogames,make differ clean ps dust etc still sound like f take base model though still go strong
ln6ofj,videogames,
gnzgetl,videogames,subreddit joke serious all
gnz8673,videogames,your mad satir subreddit
go02w5h,videogames,r banvideogam satir
gnzm565,videogames,banvideogam joke sub isnt half funni think are
go0cen2,videogames,r wooosh
gnzbpd0,videogames,facebook old person crap post lmao xd
go09us5,videogames,agre im irk postcept comment post itself
go147fl,videogames,satir sub shit isnt meant taken serious
go15843,videogames,make great joke trash talk right environ outsid moment pretti much bad time place sort thing
go1e08n,videogames,post sentenc long idea your say word right order
go1jssc,videogames,dont want talk subredit heavili debat dont know much isnt algorithm youtub come effect watch guy like vanno kyrspeedi start show thing like feminist get pwned rememb see sort video follow guy stop watch video start disappear im say gamer racist feel like someth influenc communiti tri fool impression
gnzi3k7,videogames,get warzon hard r thrown everi game
gnz8qfb,videogames,satir mean
go0itik,videogames,im pretti sure part satir like member mess mod true blue member found honesti mean rememb back earli anita tri convinc everyon hetrosexaul white male ruin video game everyth racist everyth sexist includ video game call wish could say pure satir never underestim arrog stupid
go0pw67,videogames,read section subreddit clear state satir cours extrem unfortun
go0q2md,videogames,clear state section satir unfortun
gnzhk57,videogames,r banvideogam bless subreddit go subscrib dont take anyth see serious
go148i4,videogames,u theinfinityscout found error comment satir argu possibl theinfinityscout said satir instead possess mean autom bot intend shame mistak think error found incorrect pleas contact dms contact owner elitedamyth
gnz8r59,videogames,satir genr literatur perform art usual fiction less frequent non fiction vice folli abus shortcom held ridicul ideal intent shame individu corpor govern societi improv although satir usual meant humor greater purpos often construct social critic use wit draw attent particular wider issu societi detail https en wikipedia org wiki satir comment left automat bot someth wrong pleas report realli hope use relev dont get right dont get mad im still learn
go1h3pz,videogames,mean your young onlin go play friend
go0iykn,videogames,ive detect name color comment pleas allow provid visual represent true blue cf https www color hex com color cf detect color sometim success learn r colorsbot opt repli colorsbot opt out
go1e0nd,videogames,ban video game creat mock belittl peopl like quit open
go1durj,videogames,satir talk liter member thatll incred clear reason deni satir fall apart explain peopl your satir
gnzkr7u,videogames,ah ok thank
gnzhkza,videogames,here sneak peek r banvideogam use top post https np reddit com r banvideogam top sort top time share scare gamer https redd gymbcj qz v png comment https np reddit com r banvideogam comment g xpl share scare gamer g mer destroy fact logic https redd rb mbb kz png comment https np reddit com r banvideogam comment gm mgj gmer destroy fact logic open eye peopl https redd q wov db jpg comment https np reddit com r banvideogam comment gum v open eye peopl im bot beep boop downvot remov contact https www reddit com messag compos sneakpeekbot info https np reddit com r sneakpeekbot opt https np reddit com r sneakpeekbot comment joo mb blacklist viii
gnz96mb,videogames,uhh there answer guess
go1kohy,videogames,refer first time hear it
go1h5ju,videogames,good bot
go0l0z4,videogames,okay
lne4go,videogames,
gnzycu0,videogames,mean witcher logo there
gnzygjd,videogames,hahaha yes game compani usual mention game known even art box
lni7mn,videogames,
lnmeah,videogames,
lnl5j4,videogames,
go14udx,videogames,didnt watch video still know ton box kid favorit talk basebal star game
lnmsnc,videogames,
lnpyct,videogames,love ww ww game bore sinc codww bfv came new one come soon one sinc miss get finger battlefield go futurist bs arriv
go1p5h2,videogames,finger cross
go1q5fh,videogames,realli new one realli good ww fps verdun decent player count most activ around afternoon time weekend want eastern front experi tannenburg
